Gym Name,Owner Name,Contact Number,Email Address,Address,Functionality Description,Insights,Ratings and Reviews,Establishment Date
Next Level Fitness Gym,,+91 90247 77555,,"Ganpati Plaza, near Ranthambore Circle, near Food Circle, New Colony, Sawai Madhopur, Rajasthan 322001","24/7 fitness studio near Ranthambore Circle in New Colony. Services include gym workouts, yoga, strength training, cardio, and personal coaching with branded equipment. Open 24 hours, 7 days a week including Sundays. Highly professional trainers with expert coaching. Spacious layout.","4.9/5 Google rating with 175 reviews. Trainer Arun praised by name for polite, experienced, and perfect guidance. Branded equipment throughout — a premium differentiator. Open 24/7 including Sundays — most accessible gym in Sawai Madhopur by hours. Friendly owner. Located near Ranthambore Circle — a key junction near the famous Ranthambore National Park tourism corridor. Registered as gym, yoga studio, sports school, and food store.",5,
The Champion Gym,Kapil Joshi (Owner),+91 83860 06174,,"2nd Floor, Goyal Motors Building, in front of Agresan Sadan, Civil Lines, Indra Colony, Sawai Madhopur, Rajasthan 322001","Spacious premium gym on the 2nd floor of Goyal Motors building in Civil Lines. Services include strength training, bodybuilding, cardio, and personal coaching. Open Mon–Sat 6 AM–9 PM. Neat and well-maintained environment. Trainers support beginners and experienced members alike. Positive, motivating atmosphere.",4.9/5 Google rating with 257 reviews — highest review count of any gym in Sawai Madhopur. Owner Kapil Joshi Bhaiya praised by name for creating a mindset-growth environment beyond just physical transformation. Members describe it as not just a gym but a place for personal development. Spacious and clean. Located in Civil Lines — Sawai Madhopur's administrative and commercial hub. Registered as fitness centre.,5,
The Fitness Garage,,+91 70144 19122,,"Basement, Hotel Sunder Resort, near Sudha Tower, B4, Bazariya Road, in front of SBI Bank, Indra Colony, Sawai Madhopur, Rajasthan 322001","Basement gym in Hotel Sunder Resort on Bazariya Road. Services include strength training, cardio, bodybuilding, and personal coaching. Open 24 hours Mon–Sat, closed Sunday. High-quality equipment surpassing many high-profile gyms. Humble, supportive owner. Ideal for travellers passing through Ranthambore.","4.8/5 Google rating with 156 reviews. Equipment quality specifically noted as better than many high-profile gyms. Praised by foreign travellers visiting Ranthambore — described as cheap, friendly, and great for travellers passing through. Open 24 hours Mon–Sat. Located in front of SBI Bank on Bazariya Road — Sawai Madhopur's main market road. Humble, supportive owner makes beginners comfortable.",5,
Kamalsita Fitness Club,,+91 80055 37542,,"Sahu Nagar Road, Jawahar Nagar Colony, Sawai Madhopur, Rajasthan 322001","Full-service fitness club in Jawahar Nagar Colony. Services include cardio, strength training, group classes, and personal coaching. Open Mon–Sat 5 AM–9 PM. All new machines in a fresh, clean environment. Welcoming, family-friendly culture with supportive staff.","4.8/5 Google rating with 84 reviews. Members describe a strong family vibe from the moment you enter — owner praised as always welcoming, kind, and generous. Top-notch equipment well-maintained and up-to-date. Great for all fitness levels from beginners to professionals. Located in Jawahar Nagar Colony, a well-populated residential area in northern Sawai Madhopur.",5,
Fitness Factory Gym,Sunny Bhai (Trainer),+91 86190 75237,,"Dausa Road, near Baba Tea Stall, Adarsh Nagar, Sawai Madhopur, Rajasthan 322001","Neighbourhood gym on Dausa Road in Adarsh Nagar. Services include strength training, bodybuilding, cardio, diet planning, and personal coaching. Two daily sessions: morning (5–9 AM) and evening (5–9 PM), Mon–Sat. Trainer Sunny Bhai leads all sessions with strong diet knowledge and personalised support.",Perfect 5.0/5 Google rating with 138 reviews — the most-reviewed gym in Sawai Madhopur alongside The Champion Gym. Trainer Sunny Bhai documented a 5 kg weight gain transformation in just 2 months through proper support and diet knowledge. Best gym and trainer recommended by multiple members. Located on Dausa Road in Adarsh Nagar — a busy residential and commercial zone in northern Sawai Madhopur.,5,
RR Fitness Club,Rohit (Manager/Trainer),+91 93522 40679,,"Housing Board Road, Adinath Nagar, Sawai Madhopur, Rajasthan 322021","Well-equipped fitness club on Housing Board Road. Services include strength training, weight loss, cardio, and personal coaching. Open Mon–Sat 5 AM–10 PM, Sun 8–11 AM. Highly trained and experienced trainers. Perfect ambiance with maintained equipment.","Perfect 5.0/5 Google rating with 21 reviews. Manager-trainer Rohit praised for exceptional knowledge, motivation, and personalised weight loss guidance. Open on Sundays (8–11 AM) — a key differentiator. Best equipment in Sawai Madhopur per member reviews. Located in Adinath Nagar on Housing Board Road — a southern residential zone of Sawai Madhopur. Results-driven culture with friendly, co-operative environment.",5,
Gor Gym & Fitness Club,,+91 63762 11405,,"1st Floor, Dr. Banjara Skin & Cosmetic Clinic Building, Ranthambore Road, near FCI Godam, Sawai Madhopur, Rajasthan 322001","Fitness club on the 1st floor of Dr. Banjara Skin Clinic building on Ranthambore Road. Services include strength training, cardio, bodybuilding, and personal coaching. Two daily sessions: morning (6–10 AM) and evening (5–9 PM), Mon–Sat. Modern equipment and clean environment. Trainer Mirza David provides bilingual coaching.","4.8/5 Google rating with 24 reviews. Praised by an international traveller from England as the best gym in India for modern equipment. Trainer Mirza David praised for assisting international members with anything they need. Also recommended by domestic travellers visiting Ranthambore for work. Located on Ranthambore Road near FCI Godam — on the main approach road to Ranthambore Tiger Reserve, attracting fitness-conscious tourists.",5,
Baba Fitness Studio,,+91 99827 17143,,"Ranthambore Road, in front of Hotel Hill View Garden, Subhash Nagar, Sawai Madhopur, Rajasthan 322021","Fitness studio on Ranthambore Road opposite Hotel Hill View Garden. Services include weight training, strength training, cardio, and personal coaching. Two daily sessions: morning (6–10 AM) and evening (5–9 PM), Mon–Sat. Basic but well-equipped gym suitable for regular members and passing travellers. Affordable day passes available.","Perfect 5.0/5 Google rating with 15 reviews. Specifically recommended by a tourist as a clean, friendly gym with all basics for a good workout at a very reasonable day pass rate. Located on Ranthambore Road opposite Hotel Hill View Garden — directly on the tourist circuit approaching Ranthambore National Park. Strong tourist footfall from wildlife enthusiasts and India travelers.",5,
M Fighters Gym Gangapur City,,,,"Above Baroda Rajasthan Gramin Bank, Eidgah Mod, Gangapur City, Sawai Madhopur District, Rajasthan 322201","Multi-service gym above Baroda Rajasthan Gramin Bank at Eidgah Mod, Gangapur City. Services include strength training, cardio, weight training, personal coaching, and martial arts/fighting fitness. Two daily sessions: morning (5–9 AM) and evening (5–9 PM), Mon–Sat. Well-qualified trainer with complete equipment.","4.6/5 Google rating with 41 reviews. Amazing personal trainers praised for complete, clean gym experience. Fantastic gym with great atmosphere and great equipment per members. Gangapur City (also known as Gangapur) is Sawai Madhopur district's second-largest city — an important railway junction and commercial centre ~65 km north of Sawai Madhopur city. One of the few documented quality gyms in this large district sub-city.",5,
Kamalsita Fitness Club,,+91 80055 37542,,"Sahu Nagar Road, Jawahar Nagar Colony, Pachipalya, Sawai Madhopur, Rajasthan 322001","Full-service fitness club in Jawahar Nagar Colony. Services include cardio, strength training, group classes, bodybuilding, and personal coaching. Open Mon–Sat 5 AM–9 PM. All new machines in a fresh environment. Welcoming, family-like atmosphere for beginners to professionals.","4.8/5 Google rating with 84 reviews. Members describe a family vibe from the moment they enter. Owner is always welcoming, kind, and generous. Clean, comfortable environment for all levels. Equipment is top-notch and well-maintained. Described as best choice they ever made. Located in Jawahar Nagar Colony — one of Sawai Madhopur's established residential zones.",5,
Fitness Factory Gym,,+91 86190 75237,,"Dausa Road, near Baba Tea Stall, Adarsh Nagar, Pachipalya, Sawai Madhopur, Rajasthan 322001","Fitness gym on Dausa Road near Baba Tea Stall in Adarsh Nagar. Services include weight training, strength training, cardio, bodybuilding, and personalised diet coaching. Two daily sessions: morning (5–9 AM) and evening (5–9 PM), Mon–Sat. Trainer Sunny Bhai leads sessions with expert nutrition knowledge.",Perfect 5.0/5 Google rating with 138 reviews — second highest in Sawai Madhopur. Trainer Sunny Bhai praised for excellent training knowledge and diet guidance — documented weight gain of 5 kg in 2 months by a member. Recommended as must-visit for beginners before choosing any gym in Sawai Madhopur. Located on Dausa Road in Adarsh Nagar — a northern residential zone of the city.,5,
RR Fitness Club,,+91 93522 40679,,"Housing Board Road, Adinath Nagar, Dhingla Jatwara Khurd, Sawai Madhopur, Rajasthan 322021","Well-equipped fitness club on Housing Board Road in Adinath Nagar. Services include weight training, strength training, cardio, weight loss, and personal coaching. Open Mon–Sat 5 AM–10 PM, Sun 8–11 AM. Highly trained, experienced trainers. Perfect ambiance with maintained equipment.","Perfect 5.0/5 Google rating with 21 reviews. Trainer Rohit Sir praised by name as exceptional — tailors every session to individual fitness goals, explains workouts clearly, and provides consistent support. Described as the best gym in Sawai Madhopur with best equipment and highly trained trainers. Open on Sundays (8–11 AM). Results-driven culture with a welcoming atmosphere for all fitness levels.",5,
Gor Gym & Fitness Club,,+91 63762 11405,,"1st Floor, Dr. Banjara Skin & Cosmetic Clinic Building, Ranthambore Road, near FCI Godam, Saptar, Sawai Madhopur, Rajasthan 322001","Premium gym on the 1st floor near FCI Godam on Ranthambore Road. Services include strength training, cardio, bodybuilding, and personal coaching. Two daily sessions: morning (6–10 AM) and evening (5–9 PM), Mon–Sat. Modern equipment. International traveller-friendly.","4.8/5 Google rating with 24 reviews. Praised by a UK traveller as the best gym in India for modern equipment. Trainer Mirza David praised by name for excellent personal assistance. Good for international visitors to Ranthambore National Park — Sawai Madhopur's major tourism driver. Located on Ranthambore Road — the main tourist corridor into the national park, giving the gym exceptional visibility among visiting fitness enthusiasts.",5,
Baba Fitness Studio,,+91 99827 17143,,"Ranthambore Road, in front of Hotel Hill View Garden, Subhash Nagar, Saptar, Sawai Madhopur, Rajasthan 322021","Fitness studio on Ranthambore Road in front of Hotel Hill View Garden. Services include weight training, strength training, cardio, and personal coaching. Two daily sessions: morning (6–10 AM) and evening (5–9 PM), Mon–Sat. Clean, friendly environment with all basic facilities.","Perfect 5.0/5 Google rating with 15 reviews. Praised by international tourists visiting Ranthambore as reasonable, clean, and friendly with all the basics for a good workout. Day pass available — ideal for the large tourist footfall on Ranthambore Road. Located directly in front of Hotel Hill View Garden — a tourist hotel on the Ranthambore Road, making this gym highly visible to visiting fitness enthusiasts and wildlife tourists.",5,
Life Fitness Gym Gangapur City,,,,"Adarsh Nagar, Gangapur City, Sawai Madhopur District, Rajasthan 322201","Fitness gym in Adarsh Nagar, Gangapur City. Services include weight training, strength training, cardio, and personal coaching. Two daily sessions: morning (6–10 AM) and evening (4–10 PM), Mon–Fri and Sat (open 24 hours). Experienced trainer on staff.","4.9/5 Google rating with 16 reviews. Best gym in Gangapur City town per members. Experienced trainer praised across all reviews. Saturday is open 24 hours — unique weekend accessibility. Gangapur City is the second-largest city in Sawai Madhopur district, ~65 km north of Sawai Madhopur city, an important agricultural and industrial centre on the Jaipur-Kota highway.",5,
Baba Gym Gangapur City,Arun Choudhary (Chairman) / Johnty (Trainer),+91 95295 86973,,"Upstairs Baba Lodge, Station Road, Bajaria, Gangapur City, Sawai Madhopur District, Rajasthan 322202","Branch gym above Baba Lodge on Station Road, Gangapur City. Services include bodybuilding, strength training, cardio, and personal coaching. Two daily sessions: morning (6–9:30 AM) and evening (5–9:30 PM), Mon–Sat. Well-experienced trainer Johnty leads sessions. Directly affiliated with former Mr. Rajasthan champion and current Rajasthan Bodybuilding Association chairman.","4.6/5 Google rating with 13 reviews. Run by former Mr. Rajasthan Arun Choudhary, who is currently Chairman of the Rajasthan Bodybuilding Association — the highest-credentialed gym leadership in the entire Sawai Madhopur district dataset. Trainer Johnty is also a competitive bodybuilding athlete in the low weight category. Described as the only complete good gym in Gangapur City. Located on Station Road — Gangapur City’s main commercial artery near the railway station.",5,
Life Fitness Gym Gangapur City,,,,"Adarsh Nagar, Gangapur City, Sawai Madhopur District, Rajasthan 322201","Fitness gym in Adarsh Nagar, Gangapur City. Services include weight training, strength training, cardio, and personal coaching. Two daily sessions: morning (6–10 AM) and evening (4–10 PM), Mon–Sat. Open 24 hours on Saturdays. Experienced trainer on staff.",4.9/5 Google rating with 16 reviews. Best gym in Gangapur City town per member consensus. Very experienced trainer praised across all reviews. Open 24 hours on Saturdays — unique operating model catering to working professionals with busy weekday schedules. Located in Adarsh Nagar — a planned residential colony in Gangapur City. Part of the growing Gangapur City fitness market alongside M Fighters Gym and Baba Gym.,5,